"municipi","provincia","comarques","areaPolicial","regioPolicial"
"Abrera","Barcelona","Baix Llobregat","Martorell","Metropolitana Sud"
"Aguilar de Segarra","Barcelona","Bages","Bages","Central"
"Alella","Barcelona","Maresme","Premià de Mar","Metropolitana Nord"
"Alpens","Barcelona","Osona","Osona","Central"
"Ametlla del Vallès, l'","Barcelona","Vallès Oriental","Granollers","Metropolitana Nord"
"Arenys de Mar","Barcelona","Maresme","Arenys de Mar","Metropolitana Nord"
"Arenys de Munt","Barcelona","Maresme","Arenys de Mar","Metropolitana Nord"
"Argençola","Barcelona","Anoia","Anoia","Central"
"Argentona","Barcelona","Maresme","Mataró","Metropolitana Nord"
"Artés","Barcelona","Bages","Bages","Central"
"Avià","Barcelona","Berguedà","Berguedà","Central"
"Avinyó","Barcelona","Bages","Bages","Central"
"Avinyonet del Penedès","Barcelona","Alt Penedès","Alt Penedès","Metropolitana Sud"
"Aiguafreda","Barcelona","Vallès Oriental","Granollers","Metropolitana Nord"
"Badalona","Barcelona","Barcelonès","Badalona","Metropolitana Nord"
"Bagà","Barcelona","Berguedà","Berguedà","Central"
"Balenyà","Barcelona","Osona","Osona","Central"
"Balsareny","Barcelona","Bages","Bages","Central"
"Barcelona","Barcelona","Barcelonès","Ciutat Vella","Metropolitana Barcelona"
"Barcelona","Barcelona","Barcelonès","Eixample","Metropolitana Barcelona"
"Barcelona","Barcelona","Barcelonès","Sants-Montjuïc","Metropolitana Barcelona"
"Barcelona","Barcelona","Barcelonès","Corts, les","Metropolitana Barcelona"
"Barcelona","Barcelona","Barcelonès","Sarrià-Sant Gervasi","Metropolitana Barcelona"
"Barcelona","Barcelona","Barcelonès","Gràcia","Metropolitana Barcelona"
"Barcelona","Barcelona","Barcelonès","Horta-Guinardó","Metropolitana Barcelona"
"Barcelona","Barcelona","Barcelonès","Nou Barris","Metropolitana Barcelona"
"Barcelona","Barcelona","Barcelonès","Sant Andreu","Metropolitana Barcelona"
"Barcelona","Barcelona","Barcelonès","Sant Martí","Metropolitana Barcelona"
"Begues","Barcelona","Baix Llobregat","Gavà","Metropolitana Sud"
"Bellprat","Barcelona","Anoia","Anoia","Central"
"Berga","Barcelona","Berguedà","Berguedà","Central"
"Bigues i Riells del Fai","Barcelona","Vallès Oriental","Granollers","Metropolitana Nord"
"Borredà","Barcelona","Berguedà","Berguedà","Central"
"Bruc, el","Barcelona","Anoia","Anoia","Central"
"Brull, el","Barcelona","Osona","Osona","Central"
"Cabanyes, les","Barcelona","Alt Penedès","Alt Penedès","Metropolitana Sud"
"Cabrera d'Anoia","Barcelona","Anoia","Anoia","Central"
"Cabrera de Mar","Barcelona","Maresme","Mataró","Metropolitana Nord"
"Cabrils","Barcelona","Maresme","Premià de Mar","Metropolitana Nord"
"Calaf","Barcelona","Anoia","Anoia","Central"
"Caldes d'Estrac","Barcelona","Maresme","Mataró","Metropolitana Nord"
"Caldes de Montbui","Barcelona","Vallès Oriental","Granollers","Metropolitana Nord"
"Calders","Barcelona","Moianès","Bages","Central"
"Calella","Barcelona","Maresme","Arenys de Mar","Metropolitana Nord"
"Calonge de Segarra","Barcelona","Anoia","Anoia","Central"
"Calldetenes","Barcelona","Osona","Osona","Central"
"Callús","Barcelona","Bages","Bages","Central"
"Campins","Barcelona","Vallès Oriental","Granollers","Metropolitana Nord"
"Canet de Mar","Barcelona","Maresme","Arenys de Mar","Metropolitana Nord"
"Canovelles","Barcelona","Vallès Oriental","Granollers","Metropolitana Nord"
"Cànoves i Samalús","Barcelona","Vallès Oriental","Granollers","Metropolitana Nord"
"Canyelles","Barcelona","Garraf","Garraf","Metropolitana Sud"
"Capellades","Barcelona","Anoia","Anoia","Central"
"Capolat","Barcelona","Berguedà","Berguedà","Central"
"Cardedeu","Barcelona","Vallès Oriental","Granollers","Metropolitana Nord"
"Cardona","Barcelona","Bages","Bages","Central"
"Carme","Barcelona","Anoia","Anoia","Central"
"Casserres","Barcelona","Berguedà","Berguedà","Central"
"Castellar del Riu","Barcelona","Berguedà","Berguedà","Central"
"Castellar del Vallès","Barcelona","Vallès Occidental","Sabadell","Metropolitana Nord"
"Castellar de n'Hug","Barcelona","Berguedà","Berguedà","Central"
"Castellbell i el Vilar","Barcelona","Bages","Bages","Central"
"Castellbisbal","Barcelona","Vallès Occidental","Rubí","Metropolitana Nord"
"Castellcir","Barcelona","Moianès","Granollers","Metropolitana Nord"
"Castelldefels","Barcelona","Baix Llobregat","Gavà","Metropolitana Sud"
"Castell de l'Areny","Barcelona","Berguedà","Berguedà","Central"
"Castellet i la Gornal","Barcelona","Alt Penedès","Alt Penedès","Metropolitana Sud"
"Castellfollit del Boix","Barcelona","Bages","Bages","Central"
"Castellfollit de Riubregós","Barcelona","Anoia","Anoia","Central"
"Castellgalí","Barcelona","Bages","Bages","Central"
"Castellnou de Bages","Barcelona","Bages","Bages","Central"
"Castellolí","Barcelona","Anoia","Anoia","Central"
"Castellterçol","Barcelona","Moianès","Granollers","Metropolitana Nord"
"Castellví de la Marca","Barcelona","Alt Penedès","Alt Penedès","Metropolitana Sud"
"Castellví de Rosanes","Barcelona","Baix Llobregat","Martorell","Metropolitana Sud"
"Centelles","Barcelona","Osona","Osona","Central"
"Cervelló","Barcelona","Baix Llobregat","Sant Feliu de Llobregat","Metropolitana Sud"
"Collbató","Barcelona","Baix Llobregat","Martorell","Metropolitana Sud"
"Collsuspina","Barcelona","Moianès","Osona","Central"
"Copons","Barcelona","Anoia","Anoia","Central"
"Corbera de Llobregat","Barcelona","Baix Llobregat","Sant Feliu de Llobregat","Metropolitana Sud"
"Cornellà de Llobregat","Barcelona","Baix Llobregat","Cornellà de Llobregat","Metropolitana Sud"
"Cubelles","Barcelona","Garraf","Garraf","Metropolitana Sud"
"Dosrius","Barcelona","Maresme","Mataró","Metropolitana Nord"
"Esparreguera","Barcelona","Baix Llobregat","Martorell","Metropolitana Sud"
"Esplugues de Llobregat","Barcelona","Baix Llobregat","Esplugues de Llobregat","Metropolitana Sud"
"Espunyola, l'","Barcelona","Berguedà","Berguedà","Central"
"Estany, l'","Barcelona","Moianès","Bages","Central"
"Fígols","Barcelona","Berguedà","Berguedà","Central"
"Fogars de Montclús","Barcelona","Vallès Oriental","Granollers","Metropolitana Nord"
"Fogars de la Selva","Barcelona","Selva","Selva Interior","Girona"
"Folgueroles","Barcelona","Osona","Osona","Central"
"Fonollosa","Barcelona","Bages","Bages","Central"
"Font-rubí","Barcelona","Alt Penedès","Alt Penedès","Metropolitana Sud"
"Franqueses del Vallès, les","Barcelona","Vallès Oriental","Granollers","Metropolitana Nord"
"Gallifa","Barcelona","Vallès Occidental","Sabadell","Metropolitana Nord"
"Garriga, la","Barcelona","Vallès Oriental","Granollers","Metropolitana Nord"
"Gavà","Barcelona","Baix Llobregat","Gavà","Metropolitana Sud"
"Gaià","Barcelona","Bages","Bages","Central"
"Gelida","Barcelona","Alt Penedès","Alt Penedès","Metropolitana Sud"
"Gironella","Barcelona","Berguedà","Berguedà","Central"
"Gisclareny","Barcelona","Berguedà","Berguedà","Central"
"Granada, la","Barcelona","Alt Penedès","Alt Penedès","Metropolitana Sud"
"Granera","Barcelona","Moianès","Granollers","Metropolitana Nord"
"Granollers","Barcelona","Vallès Oriental","Granollers","Metropolitana Nord"
"Gualba","Barcelona","Vallès Oriental","Granollers","Metropolitana Nord"
"Sant Salvador de Guardiola","Barcelona","Bages","Bages","Central"
"Guardiola de Berguedà","Barcelona","Berguedà","Berguedà","Central"
"Gurb","Barcelona","Osona","Osona","Central"
"Hospitalet de Llobregat, l'","Barcelona","Barcelonès","Hospitalet de Llobregat, l'","Metropolitana Sud"
"Igualada","Barcelona","Anoia","Anoia","Central"
"Jorba","Barcelona","Anoia","Anoia","Central"
"Llacuna, la","Barcelona","Anoia","Anoia","Central"
"Llagosta, la","Barcelona","Vallès Oriental","Mollet del Vallès","Metropolitana Nord"
"Llinars del Vallès","Barcelona","Vallès Oriental","Granollers","Metropolitana Nord"
"Lliçà d'Amunt","Barcelona","Vallès Oriental","Granollers","Metropolitana Nord"
"Lliçà de Vall","Barcelona","Vallès Oriental","Granollers","Metropolitana Nord"
"Lluçà","Barcelona","Osona","Osona","Central"
"Malgrat de Mar","Barcelona","Maresme","Arenys de Mar","Metropolitana Nord"
"Malla","Barcelona","Osona","Osona","Central"
"Manlleu","Barcelona","Osona","Osona","Central"
"Manresa","Barcelona","Bages","Bages","Central"
"Martorell","Barcelona","Baix Llobregat","Martorell","Metropolitana Sud"
"Martorelles","Barcelona","Vallès Oriental","Mollet del Vallès","Metropolitana Nord"
"Masies de Roda, les","Barcelona","Osona","Osona","Central"
"Masies de Voltregà, les","Barcelona","Osona","Osona","Central"
"Masnou, el","Barcelona","Maresme","Premià de Mar","Metropolitana Nord"
"Masquefa","Barcelona","Anoia","Anoia","Central"
"Matadepera","Barcelona","Vallès Occidental","Terrassa","Metropolitana Nord"
"Mataró","Barcelona","Maresme","Mataró","Metropolitana Nord"
"Mediona","Barcelona","Alt Penedès","Alt Penedès","Metropolitana Sud"
"Molins de Rei","Barcelona","Baix Llobregat","Sant Feliu de Llobregat","Metropolitana Sud"
"Mollet del Vallès","Barcelona","Vallès Oriental","Mollet del Vallès","Metropolitana Nord"
"Montcada i Reixac","Barcelona","Vallès Occidental","Cerdanyola","Metropolitana Nord"
"Montgat","Barcelona","Maresme","Premià de Mar","Metropolitana Nord"
"Monistrol de Montserrat","Barcelona","Bages","Bages","Central"
"Monistrol de Calders","Barcelona","Moianès","Bages","Central"
"Muntanyola","Barcelona","Osona","Osona","Central"
"Montclar","Barcelona","Berguedà","Berguedà","Central"
"Montesquiu","Barcelona","Osona","Osona","Central"
"Montmajor","Barcelona","Berguedà","Berguedà","Central"
"Montmaneu","Barcelona","Anoia","Anoia","Central"
"Figaró-Montmany","Barcelona","Vallès Oriental","Granollers","Metropolitana Nord"
"Montmeló","Barcelona","Vallès Oriental","Mollet del Vallès","Metropolitana Nord"
"Montornès del Vallès","Barcelona","Vallès Oriental","Granollers","Metropolitana Nord"
"Montseny","Barcelona","Vallès Oriental","Granollers","Metropolitana Nord"
"Moià","Barcelona","Moianès","Bages","Central"
"Mura","Barcelona","Bages","Bages","Central"
"Navarcles","Barcelona","Bages","Bages","Central"
"Navàs","Barcelona","Bages","Bages","Central"
"Nou de Berguedà, la","Barcelona","Berguedà","Berguedà","Central"
"Òdena","Barcelona","Anoia","Anoia","Central"
"Olvan","Barcelona","Berguedà","Berguedà","Central"
"Olèrdola","Barcelona","Alt Penedès","Alt Penedès","Metropolitana Sud"
"Olesa de Bonesvalls","Barcelona","Alt Penedès","Alt Penedès","Metropolitana Sud"
"Olesa de Montserrat","Barcelona","Baix Llobregat","Martorell","Metropolitana Sud"
"Olivella","Barcelona","Garraf","Garraf","Metropolitana Sud"
"Olost","Barcelona","Osona","Osona","Central"
"Orís","Barcelona","Osona","Osona","Central"
"Oristà","Barcelona","Osona","Osona","Central"
"Orpí","Barcelona","Anoia","Anoia","Central"
"Òrrius","Barcelona","Maresme","Mataró","Metropolitana Nord"
"Pacs del Penedès","Barcelona","Alt Penedès","Alt Penedès","Metropolitana Sud"
"Palafolls","Barcelona","Maresme","Arenys de Mar","Metropolitana Nord"
"Palau-solità i Plegamans","Barcelona","Vallès Occidental","Sabadell","Metropolitana Nord"
"Pallejà","Barcelona","Baix Llobregat","Sant Feliu de Llobregat","Metropolitana Sud"
"Papiol, el","Barcelona","Baix Llobregat","Sant Feliu de Llobregat","Metropolitana Sud"
"Parets del Vallès","Barcelona","Vallès Oriental","Mollet del Vallès","Metropolitana Nord"
"Perafita","Barcelona","Osona","Osona","Central"
"Piera","Barcelona","Anoia","Anoia","Central"
"Hostalets de Pierola, els","Barcelona","Anoia","Anoia","Central"
"Pineda de Mar","Barcelona","Maresme","Arenys de Mar","Metropolitana Nord"
"Pla del Penedès, el","Barcelona","Alt Penedès","Alt Penedès","Metropolitana Sud"
"Pobla de Claramunt, la","Barcelona","Anoia","Anoia","Central"
"Pobla de Lillet, la","Barcelona","Berguedà","Berguedà","Central"
"Polinyà","Barcelona","Vallès Occidental","Sabadell","Metropolitana Nord"
"Pontons","Barcelona","Alt Penedès","Alt Penedès","Metropolitana Sud"
"Prat de Llobregat, el","Barcelona","Baix Llobregat","Prat de Llobregat, el","Metropolitana Sud"
"Prats de Rei, els","Barcelona","Anoia","Anoia","Central"
"Prats de Lluçanès","Barcelona","Osona","Osona","Central"
"Premià de Mar","Barcelona","Maresme","Premià de Mar","Metropolitana Nord"
"Puigdàlber","Barcelona","Alt Penedès","Alt Penedès","Metropolitana Sud"
"Puig-reig","Barcelona","Berguedà","Berguedà","Central"
"Pujalt","Barcelona","Anoia","Anoia","Central"
"Quar, la","Barcelona","Berguedà","Berguedà","Central"
"Rajadell","Barcelona","Bages","Bages","Central"
"Rellinars","Barcelona","Vallès Occidental","Terrassa","Metropolitana Nord"
"Ripollet","Barcelona","Vallès Occidental","Cerdanyola","Metropolitana Nord"
"Roca del Vallès, la","Barcelona","Vallès Oriental","Granollers","Metropolitana Nord"
"Pont de Vilomara i Rocafort, el","Barcelona","Bages","Bages","Central"
"Roda de Ter","Barcelona","Osona","Osona","Central"
"Rubí","Barcelona","Vallès Occidental","Rubí","Metropolitana Nord"
"Rubió","Barcelona","Anoia","Anoia","Central"
"Sabadell","Barcelona","Vallès Occidental","Sabadell","Metropolitana Nord"
"Sagàs","Barcelona","Berguedà","Berguedà","Central"
"Sant Pere Sallavinera","Barcelona","Anoia","Anoia","Central"
"Saldes","Barcelona","Berguedà","Berguedà","Central"
"Sallent","Barcelona","Bages","Bages","Central"
"Santpedor","Barcelona","Bages","Bages","Central"
"Sant Iscle de Vallalta","Barcelona","Maresme","Arenys de Mar","Metropolitana Nord"
"Sant Adrià de Besòs","Barcelona","Barcelonès","Badalona","Metropolitana Nord"
"Sant Agustí de Lluçanès","Barcelona","Osona","Osona","Central"
"Sant Andreu de la Barca","Barcelona","Baix Llobregat","Martorell","Metropolitana Sud"
"Sant Andreu de Llavaneres","Barcelona","Maresme","Mataró","Metropolitana Nord"
"Sant Antoni de Vilamajor","Barcelona","Vallès Oriental","Granollers","Metropolitana Nord"
"Sant Bartomeu del Grau","Barcelona","Osona","Osona","Central"
"Sant Boi de Llobregat","Barcelona","Baix Llobregat","Sant Boi de Llobregat","Metropolitana Sud"
"Sant Boi de Lluçanès","Barcelona","Osona","Osona","Central"
"Sant Celoni","Barcelona","Vallès Oriental","Granollers","Metropolitana Nord"
"Sant Cebrià de Vallalta","Barcelona","Maresme","Arenys de Mar","Metropolitana Nord"
"Sant Climent de Llobregat","Barcelona","Baix Llobregat","Sant Boi de Llobregat","Metropolitana Sud"
"Sant Cugat del Vallès","Barcelona","Vallès Occidental","Rubí","Metropolitana Nord"
"Sant Cugat Sesgarrigues","Barcelona","Alt Penedès","Alt Penedès","Metropolitana Sud"
"Sant Esteve de Palautordera","Barcelona","Vallès Oriental","Granollers","Metropolitana Nord"
"Sant Esteve Sesrovires","Barcelona","Baix Llobregat","Martorell","Metropolitana Sud"
"Sant Fost de Campsentelles","Barcelona","Vallès Oriental","Mollet del Vallès","Metropolitana Nord"
"Sant Feliu de Codines","Barcelona","Vallès Oriental","Granollers","Metropolitana Nord"
"Sant Feliu de Llobregat","Barcelona","Baix Llobregat","Sant Feliu de Llobregat","Metropolitana Sud"
"Sant Feliu Sasserra","Barcelona","Bages","Bages","Central"
"Sant Fruitós de Bages","Barcelona","Bages","Bages","Central"
"Vilassar de Dalt","Barcelona","Maresme","Premià de Mar","Metropolitana Nord"
"Sant Hipòlit de Voltregà","Barcelona","Osona","Osona","Central"
"Sant Jaume de Frontanyà","Barcelona","Berguedà","Berguedà","Central"
"Sant Joan Despí","Barcelona","Baix Llobregat","Cornellà de Llobregat","Metropolitana Sud"
"Sant Joan de Vilatorrada","Barcelona","Bages","Bages","Central"
"Vilassar de Mar","Barcelona","Maresme","Premià de Mar","Metropolitana Nord"
"Sant Julià de Vilatorta","Barcelona","Osona","Osona","Central"
"Sant Just Desvern","Barcelona","Baix Llobregat","Esplugues de Llobregat","Metropolitana Sud"
"Sant Llorenç d'Hortons","Barcelona","Alt Penedès","Alt Penedès","Metropolitana Sud"
"Sant Llorenç Savall","Barcelona","Vallès Occidental","Sabadell","Metropolitana Nord"
"Sant Martí de Centelles","Barcelona","Osona","Osona","Central"
"Sant Martí d'Albars","Barcelona","Osona","Osona","Central"
"Sant Martí de Tous","Barcelona","Anoia","Anoia","Central"
"Sant Martí Sarroca","Barcelona","Alt Penedès","Alt Penedès","Metropolitana Sud"
"Sant Martí Sesgueioles","Barcelona","Anoia","Anoia","Central"
"Sant Mateu de Bages","Barcelona","Bages","Bages","Central"
"Premià de Dalt","Barcelona","Maresme","Premià de Mar","Metropolitana Nord"
"Sant Pere de Ribes","Barcelona","Garraf","Garraf","Metropolitana Sud"
"Sant Pere de Riudebitlles","Barcelona","Alt Penedès","Alt Penedès","Metropolitana Sud"
"Sant Pere de Torelló","Barcelona","Osona","Osona","Central"
"Sant Pere de Vilamajor","Barcelona","Vallès Oriental","Granollers","Metropolitana Nord"
"Sant Pol de Mar","Barcelona","Maresme","Arenys de Mar","Metropolitana Nord"
"Sant Quintí de Mediona","Barcelona","Alt Penedès","Alt Penedès","Metropolitana Sud"
"Sant Quirze de Besora","Barcelona","Osona","Osona","Central"
"Sant Quirze del Vallès","Barcelona","Vallès Occidental","Sabadell","Metropolitana Nord"
"Sant Quirze Safaja","Barcelona","Moianès","Granollers","Metropolitana Nord"
"Sant Sadurní d'Anoia","Barcelona","Alt Penedès","Alt Penedès","Metropolitana Sud"
"Sant Sadurní d'Osormort","Barcelona","Osona","Osona","Central"
"Marganell","Barcelona","Bages","Bages","Central"
"Santa Cecília de Voltregà","Barcelona","Osona","Osona","Central"
"Santa Coloma de Cervelló","Barcelona","Baix Llobregat","Sant Boi de Llobregat","Metropolitana Sud"
"Santa Coloma de Gramenet","Barcelona","Barcelonès","Santa Coloma de Gramenet","Metropolitana Nord"
"Santa Eugènia de Berga","Barcelona","Osona","Osona","Central"
"Santa Eulàlia de Riuprimer","Barcelona","Osona","Osona","Central"
"Santa Eulàlia de Ronçana","Barcelona","Vallès Oriental","Granollers","Metropolitana Nord"
"Santa Fe del Penedès","Barcelona","Alt Penedès","Alt Penedès","Metropolitana Sud"
"Santa Margarida de Montbui","Barcelona","Anoia","Anoia","Central"
"Santa Margarida i els Monjos","Barcelona","Alt Penedès","Alt Penedès","Metropolitana Sud"
"Barberà del Vallès","Barcelona","Vallès Occidental","Cerdanyola","Metropolitana Nord"
"Santa Maria de Besora","Barcelona","Osona","Osona","Central"
"Esquirol, l'","Barcelona","Osona","Osona","Central"
"Santa Maria de Merlès","Barcelona","Berguedà","Berguedà","Central"
"Santa Maria de Martorelles","Barcelona","Vallès Oriental","Mollet del Vallès","Metropolitana Nord"
"Santa Maria de Miralles","Barcelona","Anoia","Anoia","Central"
"Santa Maria d'Oló","Barcelona","Moianès","Bages","Central"
"Santa Maria de Palautordera","Barcelona","Vallès Oriental","Granollers","Metropolitana Nord"
"Santa Perpètua de Mogoda","Barcelona","Vallès Occidental","Sabadell","Metropolitana Nord"
"Santa Susanna","Barcelona","Maresme","Arenys de Mar","Metropolitana Nord"
"Sant Vicenç de Castellet","Barcelona","Bages","Bages","Central"
"Sant Vicenç dels Horts","Barcelona","Baix Llobregat","Sant Feliu de Llobregat","Metropolitana Sud"
"Sant Vicenç de Montalt","Barcelona","Maresme","Mataró","Metropolitana Nord"
"Sant Vicenç de Torelló","Barcelona","Osona","Osona","Central"
"Cerdanyola del Vallès","Barcelona","Vallès Occidental","Cerdanyola","Metropolitana Nord"
"Sentmenat","Barcelona","Vallès Occidental","Sabadell","Metropolitana Nord"
"Cercs","Barcelona","Berguedà","Berguedà","Central"
"Seva","Barcelona","Osona","Osona","Central"
"Sitges","Barcelona","Garraf","Garraf","Metropolitana Sud"
"Sobremunt","Barcelona","Osona","Osona","Central"
"Sora","Barcelona","Osona","Osona","Central"
"Subirats","Barcelona","Alt Penedès","Alt Penedès","Metropolitana Sud"
"Súria","Barcelona","Bages","Bages","Central"
"Tavèrnoles","Barcelona","Osona","Osona","Central"
"Tagamanent","Barcelona","Vallès Oriental","Granollers","Metropolitana Nord"
"Talamanca","Barcelona","Bages","Bages","Central"
"Taradell","Barcelona","Osona","Osona","Central"
"Terrassa","Barcelona","Vallès Occidental","Terrassa","Metropolitana Nord"
"Tavertet","Barcelona","Osona","Osona","Central"
"Teià","Barcelona","Maresme","Premià de Mar","Metropolitana Nord"
"Tiana","Barcelona","Maresme","Premià de Mar","Metropolitana Nord"
"Tona","Barcelona","Osona","Osona","Central"
"Tordera","Barcelona","Maresme","Arenys de Mar","Metropolitana Nord"
"Torelló","Barcelona","Osona","Osona","Central"
"Torre de Claramunt, la","Barcelona","Anoia","Anoia","Central"
"Torrelavit","Barcelona","Alt Penedès","Alt Penedès","Metropolitana Sud"
"Torrelles de Foix","Barcelona","Alt Penedès","Alt Penedès","Metropolitana Sud"
"Torrelles de Llobregat","Barcelona","Baix Llobregat","Sant Feliu de Llobregat","Metropolitana Sud"
"Ullastrell","Barcelona","Vallès Occidental","Terrassa","Metropolitana Nord"
"Vacarisses","Barcelona","Vallès Occidental","Terrassa","Metropolitana Nord"
"Vallbona d'Anoia","Barcelona","Anoia","Anoia","Central"
"Vallcebre","Barcelona","Berguedà","Berguedà","Central"
"Vallgorguina","Barcelona","Vallès Oriental","Granollers","Metropolitana Nord"
"Vallirana","Barcelona","Baix Llobregat","Sant Feliu de Llobregat","Metropolitana Sud"
"Vallromanes","Barcelona","Vallès Oriental","Granollers","Metropolitana Nord"
"Veciana","Barcelona","Anoia","Anoia","Central"
"Vic","Barcelona","Osona","Osona","Central"
"Vilada","Barcelona","Berguedà","Berguedà","Central"
"Viladecavalls","Barcelona","Vallès Occidental","Terrassa","Metropolitana Nord"
"Viladecans","Barcelona","Baix Llobregat","Gavà","Metropolitana Sud"
"Vilanova del Camí","Barcelona","Anoia","Anoia","Central"
"Vilanova de Sau","Barcelona","Osona","Osona","Central"
"Vilobí del Penedès","Barcelona","Alt Penedès","Alt Penedès","Metropolitana Sud"
"Vilafranca del Penedès","Barcelona","Alt Penedès","Alt Penedès","Metropolitana Sud"
"Vilalba Sasserra","Barcelona","Vallès Oriental","Granollers","Metropolitana Nord"
"Vilanova i la Geltrú","Barcelona","Garraf","Garraf","Metropolitana Sud"
"Viver i Serrateix","Barcelona","Berguedà","Berguedà","Central"
"Rupit i Pruit","Barcelona","Osona","Osona","Central"
"Vilanova del Vallès","Barcelona","Vallès Oriental","Granollers","Metropolitana Nord"
"Sant Julià de Cerdanyola","Barcelona","Berguedà","Berguedà","Central"
"Badia del Vallès","Barcelona","Vallès Occidental","Cerdanyola","Metropolitana Nord"
"Palma de Cervelló, la","Barcelona","Baix Llobregat","Sant Feliu de Llobregat","Metropolitana Sud"
"Agullana","Girona","Alt Empordà","Alt Empordà-Figueres","Girona"
"Aiguaviva","Girona","Gironès","Gironès-Pla de l'Estany","Girona"
"Albanyà","Girona","Alt Empordà","Alt Empordà-Figueres","Girona"
"Albons","Girona","Baix Empordà","Baix Empordà-la Bisbal","Girona"
"Far d'Empordà, el","Girona","Alt Empordà","Alt Empordà-Figueres","Girona"
"Alp","Girona","Cerdanya","Cerdanya","Pirineu Occidental"
"Amer","Girona","Selva","Selva Interior","Girona"
"Anglès","Girona","Selva","Selva Interior","Girona"
"Arbúcies","Girona","Selva","Selva Interior","Girona"
"Argelaguer","Girona","Garrotxa","Garrotxa","Girona"
"Armentera, l'","Girona","Alt Empordà","Alt Empordà-Roses","Girona"
"Avinyonet de Puigventós","Girona","Alt Empordà","Alt Empordà-Figueres","Girona"
"Begur","Girona","Baix Empordà","Baix Empordà-la Bisbal","Girona"
"Vajol, la","Girona","Alt Empordà","Alt Empordà-Figueres","Girona"
"Banyoles","Girona","Pla de l'Estany","Gironès-Pla de l'Estany","Girona"
"Bàscara","Girona","Alt Empordà","Alt Empordà-Figueres","Girona"
"Bellcaire d'Empordà","Girona","Baix Empordà","Baix Empordà-la Bisbal","Girona"
"Besalú","Girona","Garrotxa","Garrotxa","Girona"
"Bescanó","Girona","Gironès","Gironès-Pla de l'Estany","Girona"
"Beuda","Girona","Garrotxa","Garrotxa","Girona"
"Bisbal d'Empordà, la","Girona","Baix Empordà","Baix Empordà-la Bisbal","Girona"
"Blanes","Girona","Selva","Selva Litoral","Girona"
"Bolvir","Girona","Cerdanya","Cerdanya","Pirineu Occidental"
"Bordils","Girona","Gironès","Gironès-Pla de l'Estany","Girona"
"Borrassà","Girona","Alt Empordà","Alt Empordà-Figueres","Girona"
"Breda","Girona","Selva","Selva Interior","Girona"
"Brunyola i Sant Martí Sapresa","Girona","Selva","Selva Interior","Girona"
"Boadella i les Escaules","Girona","Alt Empordà","Alt Empordà-Figueres","Girona"
"Cabanes","Girona","Alt Empordà","Alt Empordà-Figueres","Girona"
"Cabanelles","Girona","Alt Empordà","Alt Empordà-Figueres","Girona"
"Cadaqués","Girona","Alt Empordà","Alt Empordà-Roses","Girona"
"Caldes de Malavella","Girona","Selva","Selva Interior","Girona"
"Calonge i Sant Antoni","Girona","Baix Empordà","Baix Empordà-Sant Feliu","Girona"
"Camós","Girona","Pla de l'Estany","Gironès-Pla de l'Estany","Girona"
"Campdevànol","Girona","Ripollès","Ripollès","Girona"
"Campelles","Girona","Ripollès","Ripollès","Girona"
"Campllong","Girona","Gironès","Gironès-Pla de l'Estany","Girona"
"Camprodon","Girona","Ripollès","Ripollès","Girona"
"Canet d'Adri","Girona","Gironès","Gironès-Pla de l'Estany","Girona"
"Cantallops","Girona","Alt Empordà","Alt Empordà-Figueres","Girona"
"Capmany","Girona","Alt Empordà","Alt Empordà-Figueres","Girona"
"Queralbs","Girona","Ripollès","Ripollès","Girona"
"Cassà de la Selva","Girona","Gironès","Gironès-Pla de l'Estany","Girona"
"Castellfollit de la Roca","Girona","Garrotxa","Garrotxa","Girona"
"Castelló d'Empúries","Girona","Alt Empordà","Alt Empordà-Roses","Girona"
"Castell-Platja d'Aro","Girona","Baix Empordà","Baix Empordà-Sant Feliu","Girona"
"Celrà","Girona","Gironès","Gironès-Pla de l'Estany","Girona"
"Cervià de Ter","Girona","Gironès","Gironès-Pla de l'Estany","Girona"
"Cistella","Girona","Alt Empordà","Alt Empordà-Figueres","Girona"
"Siurana","Girona","Alt Empordà","Alt Empordà-Figueres","Girona"
"Colera","Girona","Alt Empordà","Alt Empordà-Figueres","Girona"
"Colomers","Girona","Baix Empordà","Baix Empordà-la Bisbal","Girona"
"Cornellà del Terri","Girona","Pla de l'Estany","Gironès-Pla de l'Estany","Girona"
"Corçà","Girona","Baix Empordà","Baix Empordà-la Bisbal","Girona"
"Crespià","Girona","Pla de l'Estany","Gironès-Pla de l'Estany","Girona"
"Darnius","Girona","Alt Empordà","Alt Empordà-Figueres","Girona"
"Das","Girona","Cerdanya","Cerdanya","Pirineu Occidental"
"Escala, l'","Girona","Alt Empordà","Alt Empordà-Roses","Girona"
"Espinelves","Girona","Osona","Osona","Central"
"Espolla","Girona","Alt Empordà","Alt Empordà-Figueres","Girona"
"Esponellà","Girona","Pla de l'Estany","Gironès-Pla de l'Estany","Girona"
"Figueres","Girona","Alt Empordà","Alt Empordà-Figueres","Girona"
"Flaçà","Girona","Gironès","Gironès-Pla de l'Estany","Girona"
"Foixà","Girona","Baix Empordà","Baix Empordà-la Bisbal","Girona"
"Fontanals de Cerdanya","Girona","Cerdanya","Cerdanya","Pirineu Occidental"
"Fontanilles","Girona","Baix Empordà","Baix Empordà-la Bisbal","Girona"
"Fontcoberta","Girona","Pla de l'Estany","Gironès-Pla de l'Estany","Girona"
"Fornells de la Selva","Girona","Gironès","Gironès-Pla de l'Estany","Girona"
"Fortià","Girona","Alt Empordà","Alt Empordà-Roses","Girona"
"Garrigàs","Girona","Alt Empordà","Alt Empordà-Figueres","Girona"
"Garrigoles","Girona","Baix Empordà","Baix Empordà-la Bisbal","Girona"
"Garriguella","Girona","Alt Empordà","Alt Empordà-Figueres","Girona"
"Ger","Girona","Cerdanya","Cerdanya","Pirineu Occidental"
"Girona","Girona","Gironès","Gironès-Pla de l'Estany","Girona"
"Gombrèn","Girona","Ripollès","Ripollès","Girona"
"Gualta","Girona","Baix Empordà","Baix Empordà-la Bisbal","Girona"
"Guils de Cerdanya","Girona","Cerdanya","Cerdanya","Pirineu Occidental"
"Hostalric","Girona","Selva","Selva Interior","Girona"
"Isòvol","Girona","Cerdanya","Cerdanya","Pirineu Occidental"
"Jafre","Girona","Baix Empordà","Baix Empordà-la Bisbal","Girona"
"Jonquera, la","Girona","Alt Empordà","Alt Empordà-Figueres","Girona"
"Juià","Girona","Gironès","Gironès-Pla de l'Estany","Girona"
"Lladó","Girona","Alt Empordà","Alt Empordà-Figueres","Girona"
"Llagostera","Girona","Gironès","Gironès-Pla de l'Estany","Girona"
"Llambilles","Girona","Gironès","Gironès-Pla de l'Estany","Girona"
"Llanars","Girona","Ripollès","Ripollès","Girona"
"Llançà","Girona","Alt Empordà","Alt Empordà-Figueres","Girona"
"Llers","Girona","Alt Empordà","Alt Empordà-Figueres","Girona"
"Llívia","Girona","Cerdanya","Cerdanya","Pirineu Occidental"
"Lloret de Mar","Girona","Selva","Selva Litoral","Girona"
"Llosses, les","Girona","Ripollès","Ripollès","Girona"
"Madremanya","Girona","Gironès","Gironès-Pla de l'Estany","Girona"
"Maià de Montcal","Girona","Garrotxa","Garrotxa","Girona"
"Meranges","Girona","Cerdanya","Cerdanya","Pirineu Occidental"
"Masarac","Girona","Alt Empordà","Alt Empordà-Figueres","Girona"
"Massanes","Girona","Selva","Selva Interior","Girona"
"Maçanet de Cabrenys","Girona","Alt Empordà","Alt Empordà-Figueres","Girona"
"Maçanet de la Selva","Girona","Selva","Selva Interior","Girona"
"Mieres","Girona","Garrotxa","Garrotxa","Girona"
"Mollet de Peralada","Girona","Alt Empordà","Alt Empordà-Figueres","Girona"
"Molló","Girona","Ripollès","Ripollès","Girona"
"Montagut i Oix","Girona","Garrotxa","Garrotxa","Girona"
"Mont-ras","Girona","Baix Empordà","Baix Empordà-la Bisbal","Girona"
"Navata","Girona","Alt Empordà","Alt Empordà-Figueres","Girona"
"Ogassa","Girona","Ripollès","Ripollès","Girona"
"Olot","Girona","Garrotxa","Garrotxa","Girona"
"Ordis","Girona","Alt Empordà","Alt Empordà-Figueres","Girona"
"Osor","Girona","Selva","Selva Interior","Girona"
"Palafrugell","Girona","Baix Empordà","Baix Empordà-la Bisbal","Girona"
"Palamós","Girona","Baix Empordà","Baix Empordà-la Bisbal","Girona"
"Palau de Santa Eulàlia","Girona","Alt Empordà","Alt Empordà-Roses","Girona"
"Palau-saverdera","Girona","Alt Empordà","Alt Empordà-Roses","Girona"
"Palau-sator","Girona","Baix Empordà","Baix Empordà-la Bisbal","Girona"
"Palol de Revardit","Girona","Pla de l'Estany","Gironès-Pla de l'Estany","Girona"
"Pals","Girona","Baix Empordà","Baix Empordà-la Bisbal","Girona"
"Pardines","Girona","Ripollès","Ripollès","Girona"
"Parlavà","Girona","Baix Empordà","Baix Empordà-la Bisbal","Girona"
"Pau","Girona","Alt Empordà","Alt Empordà-Roses","Girona"
"Pedret i Marzà","Girona","Alt Empordà","Alt Empordà-Roses","Girona"
"Pera, la","Girona","Baix Empordà","Baix Empordà-la Bisbal","Girona"
"Peralada","Girona","Alt Empordà","Alt Empordà-Figueres","Girona"
"Planes d'Hostoles, les","Girona","Garrotxa","Garrotxa","Girona"
"Planoles","Girona","Ripollès","Ripollès","Girona"
"Pont de Molins","Girona","Alt Empordà","Alt Empordà-Figueres","Girona"
"Pontós","Girona","Alt Empordà","Alt Empordà-Figueres","Girona"
"Porqueres","Girona","Pla de l'Estany","Gironès-Pla de l'Estany","Girona"
"Portbou","Girona","Alt Empordà","Alt Empordà-Figueres","Girona"
"Preses, les","Girona","Garrotxa","Garrotxa","Girona"
"Port de la Selva, el","Girona","Alt Empordà","Alt Empordà-Figueres","Girona"
"Puigcerdà","Girona","Cerdanya","Cerdanya","Pirineu Occidental"
"Quart","Girona","Gironès","Gironès-Pla de l'Estany","Girona"
"Rabós","Girona","Alt Empordà","Alt Empordà-Figueres","Girona"
"Regencós","Girona","Baix Empordà","Baix Empordà-la Bisbal","Girona"
"Ribes de Freser","Girona","Ripollès","Ripollès","Girona"
"Riells i Viabrea","Girona","Selva","Selva Interior","Girona"
"Ripoll","Girona","Ripollès","Ripollès","Girona"
"Riudarenes","Girona","Selva","Selva Interior","Girona"
"Riudaura","Girona","Garrotxa","Garrotxa","Girona"
"Riudellots de la Selva","Girona","Selva","Selva Interior","Girona"
"Riumors","Girona","Alt Empordà","Alt Empordà-Roses","Girona"
"Roses","Girona","Alt Empordà","Alt Empordà-Roses","Girona"
"Rupià","Girona","Baix Empordà","Baix Empordà-la Bisbal","Girona"
"Sales de Llierca","Girona","Garrotxa","Garrotxa","Girona"
"Salt","Girona","Gironès","Gironès-Pla de l'Estany","Girona"
"Sant Andreu Salou","Girona","Gironès","Gironès-Pla de l'Estany","Girona"
"Sant Climent Sescebes","Girona","Alt Empordà","Alt Empordà-Figueres","Girona"
"Sant Feliu de Buixalleu","Girona","Selva","Selva Interior","Girona"
"Sant Feliu de Guíxols","Girona","Baix Empordà","Baix Empordà-Sant Feliu","Girona"
"Sant Feliu de Pallerols","Girona","Garrotxa","Garrotxa","Girona"
"Sant Ferriol","Girona","Garrotxa","Garrotxa","Girona"
"Sant Gregori","Girona","Gironès","Gironès-Pla de l'Estany","Girona"
"Sant Hilari Sacalm","Girona","Selva","Selva Interior","Girona"
"Sant Jaume de Llierca","Girona","Garrotxa","Garrotxa","Girona"
"Sant Jordi Desvalls","Girona","Gironès","Gironès-Pla de l'Estany","Girona"
"Sant Joan de les Abadesses","Girona","Ripollès","Ripollès","Girona"
"Sant Joan de Mollet","Girona","Gironès","Gironès-Pla de l'Estany","Girona"
"Sant Julià de Ramis","Girona","Gironès","Gironès-Pla de l'Estany","Girona"
"Vallfogona de Ripollès","Girona","Ripollès","Ripollès","Girona"
"Sant Llorenç de la Muga","Girona","Alt Empordà","Alt Empordà-Figueres","Girona"
"Sant Martí de Llémena","Girona","Gironès","Gironès-Pla de l'Estany","Girona"
"Sant Martí Vell","Girona","Gironès","Gironès-Pla de l'Estany","Girona"
"Sant Miquel de Campmajor","Girona","Pla de l'Estany","Gironès-Pla de l'Estany","Girona"
"Sant Miquel de Fluvià","Girona","Alt Empordà","Alt Empordà-Roses","Girona"
"Sant Mori","Girona","Alt Empordà","Alt Empordà-Roses","Girona"
"Sant Pau de Segúries","Girona","Ripollès","Ripollès","Girona"
"Sant Pere Pescador","Girona","Alt Empordà","Alt Empordà-Roses","Girona"
"Santa Coloma de Farners","Girona","Selva","Selva Interior","Girona"
"Santa Cristina d'Aro","Girona","Baix Empordà","Baix Empordà-Sant Feliu","Girona"
"Santa Llogaia d'Àlguema","Girona","Alt Empordà","Alt Empordà-Figueres","Girona"
"Sant Aniol de Finestres","Girona","Garrotxa","Garrotxa","Girona"
"Santa Pau","Girona","Garrotxa","Garrotxa","Girona"
"Sant Joan les Fonts","Girona","Garrotxa","Garrotxa","Girona"
"Sarrià de Ter","Girona","Gironès","Gironès-Pla de l'Estany","Girona"
"Saus, Camallera i Llampaies","Girona","Alt Empordà","Alt Empordà-Roses","Girona"
"Selva de Mar, la","Girona","Alt Empordà","Alt Empordà-Figueres","Girona"
"Cellera de Ter, la","Girona","Selva","Selva Interior","Girona"
"Serinyà","Girona","Pla de l'Estany","Gironès-Pla de l'Estany","Girona"
"Serra de Daró","Girona","Baix Empordà","Baix Empordà-la Bisbal","Girona"
"Setcases","Girona","Ripollès","Ripollès","Girona"
"Sils","Girona","Selva","Selva Interior","Girona"
"Susqueda","Girona","Selva","Selva Interior","Girona"
"Tallada d'Empordà, la","Girona","Baix Empordà","Baix Empordà-la Bisbal","Girona"
"Terrades","Girona","Alt Empordà","Alt Empordà-Figueres","Girona"
"Torrent","Girona","Baix Empordà","Baix Empordà-la Bisbal","Girona"
"Torroella de Fluvià","Girona","Alt Empordà","Alt Empordà-Roses","Girona"
"Torroella de Montgrí","Girona","Baix Empordà","Baix Empordà-la Bisbal","Girona"
"Tortellà","Girona","Garrotxa","Garrotxa","Girona"
"Toses","Girona","Ripollès","Ripollès","Girona"
"Tossa de Mar","Girona","Selva","Selva Litoral","Girona"
"Ultramort","Girona","Baix Empordà","Baix Empordà-la Bisbal","Girona"
"Ullà","Girona","Baix Empordà","Baix Empordà-la Bisbal","Girona"
"Ullastret","Girona","Baix Empordà","Baix Empordà-la Bisbal","Girona"
"Urús","Girona","Cerdanya","Cerdanya","Pirineu Occidental"
"Vall d'en Bas, la","Girona","Garrotxa","Garrotxa","Girona"
"Vall de Bianya, la","Girona","Garrotxa","Garrotxa","Girona"
"Vall-llobrega","Girona","Baix Empordà","Baix Empordà-la Bisbal","Girona"
"Ventalló","Girona","Alt Empordà","Alt Empordà-Roses","Girona"
"Verges","Girona","Baix Empordà","Baix Empordà-la Bisbal","Girona"
"Vidrà","Girona","Osona","Osona","Central"
"Vidreres","Girona","Selva","Selva Interior","Girona"
"Vilabertran","Girona","Alt Empordà","Alt Empordà-Figueres","Girona"
"Vilablareix","Girona","Gironès","Gironès-Pla de l'Estany","Girona"
"Viladasens","Girona","Gironès","Gironès-Pla de l'Estany","Girona"
"Viladamat","Girona","Alt Empordà","Alt Empordà-Roses","Girona"
"Vilademuls","Girona","Pla de l'Estany","Gironès-Pla de l'Estany","Girona"
"Viladrau","Girona","Osona","Osona","Central"
"Vilafant","Girona","Alt Empordà","Alt Empordà-Figueres","Girona"
"Vilaür","Girona","Alt Empordà","Alt Empordà-Roses","Girona"
"Vilajuïga","Girona","Alt Empordà","Alt Empordà-Roses","Girona"
"Vilallonga de Ter","Girona","Ripollès","Ripollès","Girona"
"Vilamacolum","Girona","Alt Empordà","Alt Empordà-Roses","Girona"
"Vilamalla","Girona","Alt Empordà","Alt Empordà-Figueres","Girona"
"Vilamaniscle","Girona","Alt Empordà","Alt Empordà-Figueres","Girona"
"Vilanant","Girona","Alt Empordà","Alt Empordà-Figueres","Girona"
"Vila-sacra","Girona","Alt Empordà","Alt Empordà-Figueres","Girona"
"Vilopriu","Girona","Baix Empordà","Baix Empordà-la Bisbal","Girona"
"Vilobí d'Onyar","Girona","Selva","Selva Interior","Girona"
"Biure","Girona","Alt Empordà","Alt Empordà-Figueres","Girona"
"Cruïlles, Monells i Sant Sadurní de l'Heura","Girona","Baix Empordà","Baix Empordà-la Bisbal","Girona"
"Forallac","Girona","Baix Empordà","Baix Empordà-la Bisbal","Girona"
"Sant Julià del Llor i Bonmatí","Girona","Selva","Selva Interior","Girona"
"Abella de la Conca","Lleida","Pallars Jussà","Pallars Jussà-Pallars Sobirà","Pirineu Occidental"
"Àger","Lleida","Noguera","Noguera","Ponent"
"Agramunt","Lleida","Urgell","Segarra-Urgell","Ponent"
"Alamús, els","Lleida","Segrià","Segrià-Garrigues-Pla d'Urgell","Ponent"
"Alàs i Cerc","Lleida","Alt Urgell","Alt Urgell","Pirineu Occidental"
"Albagés, l'","Lleida","Garrigues","Segrià-Garrigues-Pla d'Urgell","Ponent"
"Albatàrrec","Lleida","Segrià","Segrià-Garrigues-Pla d'Urgell","Ponent"
"Albesa","Lleida","Noguera","Noguera","Ponent"
"Albi, l'","Lleida","Garrigues","Segrià-Garrigues-Pla d'Urgell","Ponent"
"Alcanó","Lleida","Segrià","Segrià-Garrigues-Pla d'Urgell","Ponent"
"Alcarràs","Lleida","Segrià","Segrià-Garrigues-Pla d'Urgell","Ponent"
"Alcoletge","Lleida","Segrià","Segrià-Garrigues-Pla d'Urgell","Ponent"
"Alfarràs","Lleida","Segrià","Segrià-Garrigues-Pla d'Urgell","Ponent"
"Alfés","Lleida","Segrià","Segrià-Garrigues-Pla d'Urgell","Ponent"
"Algerri","Lleida","Noguera","Noguera","Ponent"
"Alguaire","Lleida","Segrià","Segrià-Garrigues-Pla d'Urgell","Ponent"
"Alins","Lleida","Pallars Sobirà","Pallars Jussà-Pallars Sobirà","Pirineu Occidental"
"Almacelles","Lleida","Segrià","Segrià-Garrigues-Pla d'Urgell","Ponent"
"Almatret","Lleida","Segrià","Segrià-Garrigues-Pla d'Urgell","Ponent"
"Almenar","Lleida","Segrià","Segrià-Garrigues-Pla d'Urgell","Ponent"
"Alòs de Balaguer","Lleida","Noguera","Noguera","Ponent"
"Alpicat","Lleida","Segrià","Segrià-Garrigues-Pla d'Urgell","Ponent"
"Alt Àneu","Lleida","Pallars Sobirà","Pallars Jussà-Pallars Sobirà","Pirineu Occidental"
"Naut Aran","Lleida",NA,"Val d'Aran-Alta Ribagorça","Pirineu Occidental"
"Anglesola","Lleida","Urgell","Segarra-Urgell","Ponent"
"Arbeca","Lleida","Garrigues","Segrià-Garrigues-Pla d'Urgell","Ponent"
"Pont de Bar, el","Lleida","Alt Urgell","Alt Urgell","Pirineu Occidental"
"Arres","Lleida",NA,"Val d'Aran-Alta Ribagorça","Pirineu Occidental"
"Arsèguel","Lleida","Alt Urgell","Alt Urgell","Pirineu Occidental"
"Artesa de Lleida","Lleida","Segrià","Segrià-Garrigues-Pla d'Urgell","Ponent"
"Artesa de Segre","Lleida","Noguera","Noguera","Ponent"
"Sentiu de Sió, la","Lleida","Noguera","Noguera","Ponent"
"Aspa","Lleida","Segrià","Segrià-Garrigues-Pla d'Urgell","Ponent"
"Avellanes i Santa Linya, les","Lleida","Noguera","Noguera","Ponent"
"Aitona","Lleida","Segrià","Segrià-Garrigues-Pla d'Urgell","Ponent"
"Baix Pallars","Lleida","Pallars Sobirà","Pallars Jussà-Pallars Sobirà","Pirineu Occidental"
"Balaguer","Lleida","Noguera","Noguera","Ponent"
"Barbens","Lleida","Pla d'Urgell","Segrià-Garrigues-Pla d'Urgell","Ponent"
"Baronia de Rialb, la","Lleida","Noguera","Noguera","Ponent"
"Vall de Boí, la","Lleida","Alta Ribagorça","Val d'Aran-Alta Ribagorça","Pirineu Occidental"
"Bassella","Lleida","Alt Urgell","Alt Urgell","Pirineu Occidental"
"Bausen","Lleida",NA,"Val d'Aran-Alta Ribagorça","Pirineu Occidental"
"Belianes","Lleida","Urgell","Segarra-Urgell","Ponent"
"Bellcaire d'Urgell","Lleida","Noguera","Noguera","Ponent"
"Bell-lloc d'Urgell","Lleida","Pla d'Urgell","Segrià-Garrigues-Pla d'Urgell","Ponent"
"Bellmunt d'Urgell","Lleida","Noguera","Noguera","Ponent"
"Bellpuig","Lleida","Urgell","Segarra-Urgell","Ponent"
"Bellver de Cerdanya","Lleida","Cerdanya","Cerdanya","Pirineu Occidental"
"Bellvís","Lleida","Pla d'Urgell","Segrià-Garrigues-Pla d'Urgell","Ponent"
"Benavent de Segrià","Lleida","Segrià","Segrià-Garrigues-Pla d'Urgell","Ponent"
"Biosca","Lleida","Segarra","Segarra-Urgell","Ponent"
"Bovera","Lleida","Garrigues","Segrià-Garrigues-Pla d'Urgell","Ponent"
"Bòrdes, Es","Lleida",NA,"Val d'Aran-Alta Ribagorça","Pirineu Occidental"
"Borges Blanques, les","Lleida","Garrigues","Segrià-Garrigues-Pla d'Urgell","Ponent"
"Bossòst","Lleida",NA,"Val d'Aran-Alta Ribagorça","Pirineu Occidental"
"Cabanabona","Lleida","Noguera","Noguera","Ponent"
"Cabó","Lleida","Alt Urgell","Alt Urgell","Pirineu Occidental"
"Camarasa","Lleida","Noguera","Noguera","Ponent"
"Canejan","Lleida",NA,"Val d'Aran-Alta Ribagorça","Pirineu Occidental"
"Castellar de la Ribera","Lleida","Solsonès","Solsonès","Central"
"Castelldans","Lleida","Garrigues","Segrià-Garrigues-Pla d'Urgell","Ponent"
"Castellnou de Seana","Lleida","Pla d'Urgell","Segrià-Garrigues-Pla d'Urgell","Ponent"
"Castelló de Farfanya","Lleida","Noguera","Noguera","Ponent"
"Castellserà","Lleida","Urgell","Segarra-Urgell","Ponent"
"Cava","Lleida","Alt Urgell","Alt Urgell","Pirineu Occidental"
"Cervera","Lleida","Segarra","Segarra-Urgell","Ponent"
"Cervià de les Garrigues","Lleida","Garrigues","Segrià-Garrigues-Pla d'Urgell","Ponent"
"Ciutadilla","Lleida","Urgell","Segarra-Urgell","Ponent"
"Clariana de Cardener","Lleida","Solsonès","Solsonès","Central"
"Cogul, el","Lleida","Garrigues","Segrià-Garrigues-Pla d'Urgell","Ponent"
"Coll de Nargó","Lleida","Alt Urgell","Alt Urgell","Pirineu Occidental"
"Corbins","Lleida","Segrià","Segrià-Garrigues-Pla d'Urgell","Ponent"
"Cubells","Lleida","Noguera","Noguera","Ponent"
"Espluga Calba, l'","Lleida","Garrigues","Segrià-Garrigues-Pla d'Urgell","Ponent"
"Espot","Lleida","Pallars Sobirà","Pallars Jussà-Pallars Sobirà","Pirineu Occidental"
"Estaràs","Lleida","Segarra","Segarra-Urgell","Ponent"
"Esterri d'Àneu","Lleida","Pallars Sobirà","Pallars Jussà-Pallars Sobirà","Pirineu Occidental"
"Esterri de Cardós","Lleida","Pallars Sobirà","Pallars Jussà-Pallars Sobirà","Pirineu Occidental"
"Estamariu","Lleida","Alt Urgell","Alt Urgell","Pirineu Occidental"
"Farrera","Lleida","Pallars Sobirà","Pallars Jussà-Pallars Sobirà","Pirineu Occidental"
"Floresta, la","Lleida","Garrigues","Segrià-Garrigues-Pla d'Urgell","Ponent"
"Fondarella","Lleida","Pla d'Urgell","Segrià-Garrigues-Pla d'Urgell","Ponent"
"Foradada","Lleida","Noguera","Noguera","Ponent"
"Fuliola, la","Lleida","Urgell","Segarra-Urgell","Ponent"
"Fulleda","Lleida","Garrigues","Segrià-Garrigues-Pla d'Urgell","Ponent"
"Gavet de la Conca","Lleida","Pallars Jussà","Pallars Jussà-Pallars Sobirà","Pirineu Occidental"
"Golmés","Lleida","Pla d'Urgell","Segrià-Garrigues-Pla d'Urgell","Ponent"
"Gósol","Lleida","Berguedà","Berguedà","Central"
"Granadella, la","Lleida","Garrigues","Segrià-Garrigues-Pla d'Urgell","Ponent"
"Granja d'Escarp, la","Lleida","Segrià","Segrià-Garrigues-Pla d'Urgell","Ponent"
"Granyanella","Lleida","Segarra","Segarra-Urgell","Ponent"
"Granyena de Segarra","Lleida","Segarra","Segarra-Urgell","Ponent"
"Granyena de les Garrigues","Lleida","Garrigues","Segrià-Garrigues-Pla d'Urgell","Ponent"
"Guimerà","Lleida","Urgell","Segarra-Urgell","Ponent"
"Guissona","Lleida","Segarra","Segarra-Urgell","Ponent"
"Guixers","Lleida","Solsonès","Solsonès","Central"
"Ivars de Noguera","Lleida","Noguera","Noguera","Ponent"
"Ivars d'Urgell","Lleida","Pla d'Urgell","Segrià-Garrigues-Pla d'Urgell","Ponent"
"Ivorra","Lleida","Segarra","Segarra-Urgell","Ponent"
"Isona i Conca Dellà","Lleida","Pallars Jussà","Pallars Jussà-Pallars Sobirà","Pirineu Occidental"
"Juncosa","Lleida","Garrigues","Segrià-Garrigues-Pla d'Urgell","Ponent"
"Juneda","Lleida","Garrigues","Segrià-Garrigues-Pla d'Urgell","Ponent"
"Lleida","Lleida","Segrià","Segrià-Garrigues-Pla d'Urgell","Ponent"
"Les","Lleida",NA,"Val d'Aran-Alta Ribagorça","Pirineu Occidental"
"Linyola","Lleida","Pla d'Urgell","Segrià-Garrigues-Pla d'Urgell","Ponent"
"Lladorre","Lleida","Pallars Sobirà","Pallars Jussà-Pallars Sobirà","Pirineu Occidental"
"Lladurs","Lleida","Solsonès","Solsonès","Central"
"Llardecans","Lleida","Segrià","Segrià-Garrigues-Pla d'Urgell","Ponent"
"Llavorsí","Lleida","Pallars Sobirà","Pallars Jussà-Pallars Sobirà","Pirineu Occidental"
"Lles de Cerdanya","Lleida","Cerdanya","Cerdanya","Pirineu Occidental"
"Llimiana","Lleida","Pallars Jussà","Pallars Jussà-Pallars Sobirà","Pirineu Occidental"
"Llobera","Lleida","Solsonès","Solsonès","Central"
"Maldà","Lleida","Urgell","Segarra-Urgell","Ponent"
"Massalcoreig","Lleida","Segrià","Segrià-Garrigues-Pla d'Urgell","Ponent"
"Massoteres","Lleida","Segarra","Segarra-Urgell","Ponent"
"Maials","Lleida","Segrià","Segrià-Garrigues-Pla d'Urgell","Ponent"
"Menàrguens","Lleida","Noguera","Noguera","Ponent"
"Miralcamp","Lleida","Pla d'Urgell","Segrià-Garrigues-Pla d'Urgell","Ponent"
"Molsosa, la","Lleida","Solsonès","Solsonès","Central"
"Mollerussa","Lleida","Pla d'Urgell","Segrià-Garrigues-Pla d'Urgell","Ponent"
"Montgai","Lleida","Noguera","Noguera","Ponent"
"Montellà i Martinet","Lleida","Cerdanya","Cerdanya","Pirineu Occidental"
"Montferrer i Castellbò","Lleida","Alt Urgell","Alt Urgell","Pirineu Occidental"
"Montoliu de Segarra","Lleida","Segarra","Segarra-Urgell","Ponent"
"Montoliu de Lleida","Lleida","Segrià","Segrià-Garrigues-Pla d'Urgell","Ponent"
"Montornès de Segarra","Lleida","Segarra","Segarra-Urgell","Ponent"
"Nalec","Lleida","Urgell","Segarra-Urgell","Ponent"
"Navès","Lleida","Solsonès","Solsonès","Central"
"Odèn","Lleida","Solsonès","Solsonès","Central"
"Oliana","Lleida","Alt Urgell","Alt Urgell","Pirineu Occidental"
"Oliola","Lleida","Noguera","Noguera","Ponent"
"Olius","Lleida","Solsonès","Solsonès","Central"
"Oluges, les","Lleida","Segarra","Segarra-Urgell","Ponent"
"Omellons, els","Lleida","Garrigues","Segrià-Garrigues-Pla d'Urgell","Ponent"
"Omells de na Gaia, els","Lleida","Urgell","Segarra-Urgell","Ponent"
"Organyà","Lleida","Alt Urgell","Alt Urgell","Pirineu Occidental"
"Os de Balaguer","Lleida","Noguera","Noguera","Ponent"
"Ossó de Sió","Lleida","Urgell","Segarra-Urgell","Ponent"
"Palau d'Anglesola, el","Lleida","Pla d'Urgell","Segrià-Garrigues-Pla d'Urgell","Ponent"
"Conca de Dalt","Lleida","Pallars Jussà","Pallars Jussà-Pallars Sobirà","Pirineu Occidental"
"Coma i la Pedra, la","Lleida","Solsonès","Solsonès","Central"
"Penelles","Lleida","Noguera","Noguera","Ponent"
"Peramola","Lleida","Alt Urgell","Alt Urgell","Pirineu Occidental"
"Pinell de Solsonès","Lleida","Solsonès","Solsonès","Central"
"Pinós","Lleida","Solsonès","Solsonès","Central"
"Poal, el","Lleida","Pla d'Urgell","Segrià-Garrigues-Pla d'Urgell","Ponent"
"Pobla de Cérvoles, la","Lleida","Garrigues","Segrià-Garrigues-Pla d'Urgell","Ponent"
"Bellaguarda","Lleida","Garrigues","Segrià-Garrigues-Pla d'Urgell","Ponent"
"Pobla de Segur, la","Lleida","Pallars Jussà","Pallars Jussà-Pallars Sobirà","Pirineu Occidental"
"Ponts","Lleida","Noguera","Noguera","Ponent"
"Pont de Suert, el","Lleida","Alta Ribagorça","Val d'Aran-Alta Ribagorça","Pirineu Occidental"
"Portella, la","Lleida","Segrià","Segrià-Garrigues-Pla d'Urgell","Ponent"
"Prats i Sansor","Lleida","Cerdanya","Cerdanya","Pirineu Occidental"
"Preixana","Lleida","Urgell","Segarra-Urgell","Ponent"
"Preixens","Lleida","Noguera","Noguera","Ponent"
"Prullans","Lleida","Cerdanya","Cerdanya","Pirineu Occidental"
"Puiggròs","Lleida","Garrigues","Segrià-Garrigues-Pla d'Urgell","Ponent"
"Puigverd d'Agramunt","Lleida","Urgell","Segarra-Urgell","Ponent"
"Puigverd de Lleida","Lleida","Segrià","Segrià-Garrigues-Pla d'Urgell","Ponent"
"Rialp","Lleida","Pallars Sobirà","Pallars Jussà-Pallars Sobirà","Pirineu Occidental"
"Ribera d'Urgellet","Lleida","Alt Urgell","Alt Urgell","Pirineu Occidental"
"Riner","Lleida","Solsonès","Solsonès","Central"
"Rosselló","Lleida","Segrià","Segrià-Garrigues-Pla d'Urgell","Ponent"
"Salàs de Pallars","Lleida","Pallars Jussà","Pallars Jussà-Pallars Sobirà","Pirineu Occidental"
"Sanaüja","Lleida","Segarra","Segarra-Urgell","Ponent"
"Sant Guim de Freixenet","Lleida","Segarra","Segarra-Urgell","Ponent"
"Sant Llorenç de Morunys","Lleida","Solsonès","Solsonès","Central"
"Sant Ramon","Lleida","Segarra","Segarra-Urgell","Ponent"
"Sant Esteve de la Sarga","Lleida","Pallars Jussà","Pallars Jussà-Pallars Sobirà","Pirineu Occidental"
"Sant Guim de la Plana","Lleida","Segarra","Segarra-Urgell","Ponent"
"Sarroca de Lleida","Lleida","Segrià","Segrià-Garrigues-Pla d'Urgell","Ponent"
"Sarroca de Bellera","Lleida","Pallars Jussà","Pallars Jussà-Pallars Sobirà","Pirineu Occidental"
"Senterada","Lleida","Pallars Jussà","Pallars Jussà-Pallars Sobirà","Pirineu Occidental"
"Seu d'Urgell, la","Lleida","Alt Urgell","Alt Urgell","Pirineu Occidental"
"Seròs","Lleida","Segrià","Segrià-Garrigues-Pla d'Urgell","Ponent"
"Sidamon","Lleida","Pla d'Urgell","Segrià-Garrigues-Pla d'Urgell","Ponent"
"Soleràs, el","Lleida","Garrigues","Segrià-Garrigues-Pla d'Urgell","Ponent"
"Solsona","Lleida","Solsonès","Solsonès","Central"
"Soriguera","Lleida","Pallars Sobirà","Pallars Jussà-Pallars Sobirà","Pirineu Occidental"
"Sort","Lleida","Pallars Sobirà","Pallars Jussà-Pallars Sobirà","Pirineu Occidental"
"Soses","Lleida","Segrià","Segrià-Garrigues-Pla d'Urgell","Ponent"
"Sudanell","Lleida","Segrià","Segrià-Garrigues-Pla d'Urgell","Ponent"
"Sunyer","Lleida","Segrià","Segrià-Garrigues-Pla d'Urgell","Ponent"
"Talarn","Lleida","Pallars Jussà","Pallars Jussà-Pallars Sobirà","Pirineu Occidental"
"Talavera","Lleida","Segarra","Segarra-Urgell","Ponent"
"Tàrrega","Lleida","Urgell","Segarra-Urgell","Ponent"
"Tarrés","Lleida","Garrigues","Segrià-Garrigues-Pla d'Urgell","Ponent"
"Tarroja de Segarra","Lleida","Segarra","Segarra-Urgell","Ponent"
"Térmens","Lleida","Noguera","Noguera","Ponent"
"Tírvia","Lleida","Pallars Sobirà","Pallars Jussà-Pallars Sobirà","Pirineu Occidental"
"Tiurana","Lleida","Noguera","Noguera","Ponent"
"Torà","Lleida","Segarra","Segarra-Urgell","Ponent"
"Torms, els","Lleida","Garrigues","Segrià-Garrigues-Pla d'Urgell","Ponent"
"Tornabous","Lleida","Urgell","Segarra-Urgell","Ponent"
"Torrebesses","Lleida","Segrià","Segrià-Garrigues-Pla d'Urgell","Ponent"
"Torre de Cabdella, la","Lleida","Pallars Jussà","Pallars Jussà-Pallars Sobirà","Pirineu Occidental"
"Torrefarrera","Lleida","Segrià","Segrià-Garrigues-Pla d'Urgell","Ponent"
"Torregrossa","Lleida","Pla d'Urgell","Segrià-Garrigues-Pla d'Urgell","Ponent"
"Torrelameu","Lleida","Noguera","Noguera","Ponent"
"Torres de Segre","Lleida","Segrià","Segrià-Garrigues-Pla d'Urgell","Ponent"
"Torre-serona","Lleida","Segrià","Segrià-Garrigues-Pla d'Urgell","Ponent"
"Tremp","Lleida","Pallars Jussà","Pallars Jussà-Pallars Sobirà","Pirineu Occidental"
"Vallbona de les Monges","Lleida","Urgell","Segarra-Urgell","Ponent"
"Valls de Valira, les","Lleida","Alt Urgell","Alt Urgell","Pirineu Occidental"
"Vallfogona de Balaguer","Lleida","Noguera","Noguera","Ponent"
"Verdú","Lleida","Urgell","Segarra-Urgell","Ponent"
"Vielha e Mijaran","Lleida",NA,"Val d'Aran-Alta Ribagorça","Pirineu Occidental"
"Vilagrassa","Lleida","Urgell","Segarra-Urgell","Ponent"
"Vilaller","Lleida","Alta Ribagorça","Val d'Aran-Alta Ribagorça","Pirineu Occidental"
"Vilamòs","Lleida",NA,"Val d'Aran-Alta Ribagorça","Pirineu Occidental"
"Vilanova de Bellpuig","Lleida","Pla d'Urgell","Segrià-Garrigues-Pla d'Urgell","Ponent"
"Vilanova de l'Aguda","Lleida","Noguera","Noguera","Ponent"
"Vilanova de Meià","Lleida","Noguera","Noguera","Ponent"
"Vilanova de Segrià","Lleida","Segrià","Segrià-Garrigues-Pla d'Urgell","Ponent"
"Vila-sana","Lleida","Pla d'Urgell","Segrià-Garrigues-Pla d'Urgell","Ponent"
"Vilosell, el","Lleida","Garrigues","Segrià-Garrigues-Pla d'Urgell","Ponent"
"Vilanova de la Barca","Lleida","Segrià","Segrià-Garrigues-Pla d'Urgell","Ponent"
"Vinaixa","Lleida","Garrigues","Segrià-Garrigues-Pla d'Urgell","Ponent"
"Vall de Cardós","Lleida","Pallars Sobirà","Pallars Jussà-Pallars Sobirà","Pirineu Occidental"
"Sant Martí de Riucorb","Lleida","Urgell","Segarra-Urgell","Ponent"
"Guingueta d'Àneu, la","Lleida","Pallars Sobirà","Pallars Jussà-Pallars Sobirà","Pirineu Occidental"
"Castell de Mur","Lleida","Pallars Jussà","Pallars Jussà-Pallars Sobirà","Pirineu Occidental"
"Ribera d'Ondara","Lleida","Segarra","Segarra-Urgell","Ponent"
"Valls d'Aguilar, les","Lleida","Alt Urgell","Alt Urgell","Pirineu Occidental"
"Torrefeta i Florejacs","Lleida","Segarra","Segarra-Urgell","Ponent"
"Fígols i Alinyà","Lleida","Alt Urgell","Alt Urgell","Pirineu Occidental"
"Vansa i Fórnols, la","Lleida","Alt Urgell","Alt Urgell","Pirineu Occidental"
"Josa i Tuixén","Lleida","Alt Urgell","Alt Urgell","Pirineu Occidental"
"Plans de Sió, els","Lleida","Segarra","Segarra-Urgell","Ponent"
"Gimenells i el Pla de la Font","Lleida","Segrià","Segrià-Garrigues-Pla d'Urgell","Ponent"
"Riu de Cerdanya","Lleida","Cerdanya","Cerdanya","Pirineu Occidental"
"Aiguamúrcia","Tarragona","Alt Camp","Alt Camp-Conca de Barberà","Camp de Tarragona"
"Albinyana","Tarragona","Baix Penedès","Baix Penedès","Camp de Tarragona"
"Albiol, l'","Tarragona","Baix Camp","Baix Camp-Priorat","Camp de Tarragona"
"Alcanar","Tarragona","Montsià","Montsià","Terres de l'Ebre"
"Alcover","Tarragona","Alt Camp","Alt Camp-Conca de Barberà","Camp de Tarragona"
"Aldover","Tarragona","Baix Ebre","Baix Ebre","Terres de l'Ebre"
"Aleixar, l'","Tarragona","Baix Camp","Baix Camp-Priorat","Camp de Tarragona"
"Alfara de Carles","Tarragona","Baix Ebre","Baix Ebre","Terres de l'Ebre"
"Alforja","Tarragona","Baix Camp","Baix Camp-Priorat","Camp de Tarragona"
"Alió","Tarragona","Alt Camp","Alt Camp-Conca de Barberà","Camp de Tarragona"
"Almoster","Tarragona","Baix Camp","Baix Camp-Priorat","Camp de Tarragona"
"Altafulla","Tarragona","Tarragonès","Tarragonès","Camp de Tarragona"
"Ametlla de Mar, l'","Tarragona","Baix Ebre","Baix Ebre","Terres de l'Ebre"
"Amposta","Tarragona","Montsià","Montsià","Terres de l'Ebre"
"Arbolí","Tarragona","Baix Camp","Baix Camp-Priorat","Camp de Tarragona"
"Arboç, l'","Tarragona","Baix Penedès","Baix Penedès","Camp de Tarragona"
"Argentera, l'","Tarragona","Baix Camp","Baix Camp-Priorat","Camp de Tarragona"
"Arnes","Tarragona","Terra Alta","Terra Alta-Ribera d'Ebre","Terres de l'Ebre"
"Ascó","Tarragona","Ribera d'Ebre","Terra Alta-Ribera d'Ebre","Terres de l'Ebre"
"Banyeres del Penedès","Tarragona","Baix Penedès","Baix Penedès","Camp de Tarragona"
"Barberà de la Conca","Tarragona","Conca de Barberà","Alt Camp-Conca de Barberà","Camp de Tarragona"
"Batea","Tarragona","Terra Alta","Terra Alta-Ribera d'Ebre","Terres de l'Ebre"
"Bellmunt del Priorat","Tarragona","Priorat","Baix Camp-Priorat","Camp de Tarragona"
"Bellvei","Tarragona","Baix Penedès","Baix Penedès","Camp de Tarragona"
"Benifallet","Tarragona","Baix Ebre","Baix Ebre","Terres de l'Ebre"
"Benissanet","Tarragona","Ribera d'Ebre","Terra Alta-Ribera d'Ebre","Terres de l'Ebre"
"Bisbal de Falset, la","Tarragona","Priorat","Baix Camp-Priorat","Camp de Tarragona"
"Bisbal del Penedès, la","Tarragona","Baix Penedès","Baix Penedès","Camp de Tarragona"
"Blancafort","Tarragona","Conca de Barberà","Alt Camp-Conca de Barberà","Camp de Tarragona"
"Bonastre","Tarragona","Baix Penedès","Baix Penedès","Camp de Tarragona"
"Borges del Camp, les","Tarragona","Baix Camp","Baix Camp-Priorat","Camp de Tarragona"
"Bot","Tarragona","Terra Alta","Terra Alta-Ribera d'Ebre","Terres de l'Ebre"
"Botarell","Tarragona","Baix Camp","Baix Camp-Priorat","Camp de Tarragona"
"Bràfim","Tarragona","Alt Camp","Alt Camp-Conca de Barberà","Camp de Tarragona"
"Cabacés","Tarragona","Priorat","Baix Camp-Priorat","Camp de Tarragona"
"Cabra del Camp","Tarragona","Alt Camp","Alt Camp-Conca de Barberà","Camp de Tarragona"
"Calafell","Tarragona","Baix Penedès","Baix Penedès","Camp de Tarragona"
"Cambrils","Tarragona","Baix Camp","Baix Camp-Priorat","Camp de Tarragona"
"Capafonts","Tarragona","Baix Camp","Baix Camp-Priorat","Camp de Tarragona"
"Capçanes","Tarragona","Priorat","Baix Camp-Priorat","Camp de Tarragona"
"Caseres","Tarragona","Terra Alta","Terra Alta-Ribera d'Ebre","Terres de l'Ebre"
"Castellvell del Camp","Tarragona","Baix Camp","Baix Camp-Priorat","Camp de Tarragona"
"Catllar, el","Tarragona","Tarragonès","Tarragonès","Camp de Tarragona"
"Sénia, la","Tarragona","Montsià","Montsià","Terres de l'Ebre"
"Colldejou","Tarragona","Baix Camp","Baix Camp-Priorat","Camp de Tarragona"
"Conesa","Tarragona","Conca de Barberà","Alt Camp-Conca de Barberà","Camp de Tarragona"
"Constantí","Tarragona","Tarragonès","Tarragonès","Camp de Tarragona"
"Corbera d'Ebre","Tarragona","Terra Alta","Terra Alta-Ribera d'Ebre","Terres de l'Ebre"
"Cornudella de Montsant","Tarragona","Priorat","Baix Camp-Priorat","Camp de Tarragona"
"Creixell","Tarragona","Tarragonès","Tarragonès","Camp de Tarragona"
"Cunit","Tarragona","Baix Penedès","Baix Penedès","Camp de Tarragona"
"Xerta","Tarragona","Baix Ebre","Baix Ebre","Terres de l'Ebre"
"Duesaigües","Tarragona","Baix Camp","Baix Camp-Priorat","Camp de Tarragona"
"Espluga de Francolí, l'","Tarragona","Conca de Barberà","Alt Camp-Conca de Barberà","Camp de Tarragona"
"Falset","Tarragona","Priorat","Baix Camp-Priorat","Camp de Tarragona"
"Fatarella, la","Tarragona","Terra Alta","Terra Alta-Ribera d'Ebre","Terres de l'Ebre"
"Febró, la","Tarragona","Baix Camp","Baix Camp-Priorat","Camp de Tarragona"
"Figuera, la","Tarragona","Priorat","Baix Camp-Priorat","Camp de Tarragona"
"Figuerola del Camp","Tarragona","Alt Camp","Alt Camp-Conca de Barberà","Camp de Tarragona"
"Flix","Tarragona","Ribera d'Ebre","Terra Alta-Ribera d'Ebre","Terres de l'Ebre"
"Forès","Tarragona","Conca de Barberà","Alt Camp-Conca de Barberà","Camp de Tarragona"
"Freginals","Tarragona","Montsià","Montsià","Terres de l'Ebre"
"Galera, la","Tarragona","Montsià","Montsià","Terres de l'Ebre"
"Gandesa","Tarragona","Terra Alta","Terra Alta-Ribera d'Ebre","Terres de l'Ebre"
"Garcia","Tarragona","Ribera d'Ebre","Terra Alta-Ribera d'Ebre","Terres de l'Ebre"
"Garidells, els","Tarragona","Alt Camp","Alt Camp-Conca de Barberà","Camp de Tarragona"
"Ginestar","Tarragona","Ribera d'Ebre","Terra Alta-Ribera d'Ebre","Terres de l'Ebre"
"Godall","Tarragona","Montsià","Montsià","Terres de l'Ebre"
"Gratallops","Tarragona","Priorat","Baix Camp-Priorat","Camp de Tarragona"
"Guiamets, els","Tarragona","Priorat","Baix Camp-Priorat","Camp de Tarragona"
"Horta de Sant Joan","Tarragona","Terra Alta","Terra Alta-Ribera d'Ebre","Terres de l'Ebre"
"Lloar, el","Tarragona","Priorat","Baix Camp-Priorat","Camp de Tarragona"
"Llorac","Tarragona","Conca de Barberà","Alt Camp-Conca de Barberà","Camp de Tarragona"
"Llorenç del Penedès","Tarragona","Baix Penedès","Baix Penedès","Camp de Tarragona"
"Margalef","Tarragona","Priorat","Baix Camp-Priorat","Camp de Tarragona"
"Marçà","Tarragona","Priorat","Baix Camp-Priorat","Camp de Tarragona"
"Mas de Barberans","Tarragona","Montsià","Montsià","Terres de l'Ebre"
"Masdenverge","Tarragona","Montsià","Montsià","Terres de l'Ebre"
"Masllorenç","Tarragona","Baix Penedès","Baix Penedès","Camp de Tarragona"
"Masó, la","Tarragona","Alt Camp","Alt Camp-Conca de Barberà","Camp de Tarragona"
"Maspujols","Tarragona","Baix Camp","Baix Camp-Priorat","Camp de Tarragona"
"Masroig, el","Tarragona","Priorat","Baix Camp-Priorat","Camp de Tarragona"
"Milà, el","Tarragona","Alt Camp","Alt Camp-Conca de Barberà","Camp de Tarragona"
"Miravet","Tarragona","Ribera d'Ebre","Terra Alta-Ribera d'Ebre","Terres de l'Ebre"
"Molar, el","Tarragona","Priorat","Baix Camp-Priorat","Camp de Tarragona"
"Montblanc","Tarragona","Conca de Barberà","Alt Camp-Conca de Barberà","Camp de Tarragona"
"Montbrió del Camp","Tarragona","Baix Camp","Baix Camp-Priorat","Camp de Tarragona"
"Montferri","Tarragona","Alt Camp","Alt Camp-Conca de Barberà","Camp de Tarragona"
"Montmell, el","Tarragona","Baix Penedès","Baix Penedès","Camp de Tarragona"
"Mont-ral","Tarragona","Alt Camp","Alt Camp-Conca de Barberà","Camp de Tarragona"
"Mont-roig del Camp","Tarragona","Baix Camp","Baix Camp-Priorat","Camp de Tarragona"
"Móra d'Ebre","Tarragona","Ribera d'Ebre","Terra Alta-Ribera d'Ebre","Terres de l'Ebre"
"Móra la Nova","Tarragona","Ribera d'Ebre","Terra Alta-Ribera d'Ebre","Terres de l'Ebre"
"Morell, el","Tarragona","Tarragonès","Tarragonès","Camp de Tarragona"
"Morera de Montsant, la","Tarragona","Priorat","Baix Camp-Priorat","Camp de Tarragona"
"Nou de Gaià, la","Tarragona","Tarragonès","Tarragonès","Camp de Tarragona"
"Nulles","Tarragona","Alt Camp","Alt Camp-Conca de Barberà","Camp de Tarragona"
"Palma d'Ebre, la","Tarragona","Ribera d'Ebre","Terra Alta-Ribera d'Ebre","Terres de l'Ebre"
"Pallaresos, els","Tarragona","Tarragonès","Tarragonès","Camp de Tarragona"
"Passanant i Belltall","Tarragona","Conca de Barberà","Alt Camp-Conca de Barberà","Camp de Tarragona"
"Paüls","Tarragona","Baix Ebre","Baix Ebre","Terres de l'Ebre"
"Perafort","Tarragona","Tarragonès","Tarragonès","Camp de Tarragona"
"Perelló, el","Tarragona","Baix Ebre","Baix Ebre","Terres de l'Ebre"
"Piles, les","Tarragona","Conca de Barberà","Alt Camp-Conca de Barberà","Camp de Tarragona"
"Pinell de Brai, el","Tarragona","Terra Alta","Terra Alta-Ribera d'Ebre","Terres de l'Ebre"
"Pira","Tarragona","Conca de Barberà","Alt Camp-Conca de Barberà","Camp de Tarragona"
"Pla de Santa Maria, el","Tarragona","Alt Camp","Alt Camp-Conca de Barberà","Camp de Tarragona"
"Pobla de Mafumet, la","Tarragona","Tarragonès","Tarragonès","Camp de Tarragona"
"Pobla de Massaluca, la","Tarragona","Terra Alta","Terra Alta-Ribera d'Ebre","Terres de l'Ebre"
"Pobla de Montornès, la","Tarragona","Tarragonès","Tarragonès","Camp de Tarragona"
"Poboleda","Tarragona","Priorat","Baix Camp-Priorat","Camp de Tarragona"
"Pont d'Armentera, el","Tarragona","Alt Camp","Alt Camp-Conca de Barberà","Camp de Tarragona"
"Porrera","Tarragona","Priorat","Baix Camp-Priorat","Camp de Tarragona"
"Pradell de la Teixeta","Tarragona","Priorat","Baix Camp-Priorat","Camp de Tarragona"
"Prades","Tarragona","Baix Camp","Baix Camp-Priorat","Camp de Tarragona"
"Prat de Comte","Tarragona","Terra Alta","Terra Alta-Ribera d'Ebre","Terres de l'Ebre"
"Pratdip","Tarragona","Baix Camp","Baix Camp-Priorat","Camp de Tarragona"
"Puigpelat","Tarragona","Alt Camp","Alt Camp-Conca de Barberà","Camp de Tarragona"
"Querol","Tarragona","Alt Camp","Alt Camp-Conca de Barberà","Camp de Tarragona"
"Rasquera","Tarragona","Ribera d'Ebre","Terra Alta-Ribera d'Ebre","Terres de l'Ebre"
"Renau","Tarragona","Tarragonès","Tarragonès","Camp de Tarragona"
"Reus","Tarragona","Baix Camp","Baix Camp-Priorat","Camp de Tarragona"
"Riba, la","Tarragona","Alt Camp","Alt Camp-Conca de Barberà","Camp de Tarragona"
"Riba-roja d'Ebre","Tarragona","Ribera d'Ebre","Terra Alta-Ribera d'Ebre","Terres de l'Ebre"
"Riera de Gaià, la","Tarragona","Tarragonès","Tarragonès","Camp de Tarragona"
"Riudecanyes","Tarragona","Baix Camp","Baix Camp-Priorat","Camp de Tarragona"
"Riudecols","Tarragona","Baix Camp","Baix Camp-Priorat","Camp de Tarragona"
"Riudoms","Tarragona","Baix Camp","Baix Camp-Priorat","Camp de Tarragona"
"Rocafort de Queralt","Tarragona","Conca de Barberà","Alt Camp-Conca de Barberà","Camp de Tarragona"
"Roda de Berà","Tarragona","Tarragonès","Tarragonès","Camp de Tarragona"
"Rodonyà","Tarragona","Alt Camp","Alt Camp-Conca de Barberà","Camp de Tarragona"
"Roquetes","Tarragona","Baix Ebre","Baix Ebre","Terres de l'Ebre"
"Rourell, el","Tarragona","Alt Camp","Alt Camp-Conca de Barberà","Camp de Tarragona"
"Salomó","Tarragona","Tarragonès","Tarragonès","Camp de Tarragona"
"Ràpita, la","Tarragona","Montsià","Montsià","Terres de l'Ebre"
"Sant Jaume dels Domenys","Tarragona","Baix Penedès","Baix Penedès","Camp de Tarragona"
"Santa Bàrbara","Tarragona","Montsià","Montsià","Terres de l'Ebre"
"Santa Coloma de Queralt","Tarragona","Conca de Barberà","Alt Camp-Conca de Barberà","Camp de Tarragona"
"Santa Oliva","Tarragona","Baix Penedès","Baix Penedès","Camp de Tarragona"
"Pontils","Tarragona","Conca de Barberà","Alt Camp-Conca de Barberà","Camp de Tarragona"
"Sarral","Tarragona","Conca de Barberà","Alt Camp-Conca de Barberà","Camp de Tarragona"
"Savallà del Comtat","Tarragona","Conca de Barberà","Alt Camp-Conca de Barberà","Camp de Tarragona"
"Secuita, la","Tarragona","Tarragonès","Tarragonès","Camp de Tarragona"
"Selva del Camp, la","Tarragona","Baix Camp","Baix Camp-Priorat","Camp de Tarragona"
"Senan","Tarragona","Conca de Barberà","Alt Camp-Conca de Barberà","Camp de Tarragona"
"Solivella","Tarragona","Conca de Barberà","Alt Camp-Conca de Barberà","Camp de Tarragona"
"Tarragona","Tarragona","Tarragonès","Tarragonès","Camp de Tarragona"
"Tivenys","Tarragona","Baix Ebre","Baix Ebre","Terres de l'Ebre"
"Tivissa","Tarragona","Ribera d'Ebre","Terra Alta-Ribera d'Ebre","Terres de l'Ebre"
"Torre de Fontaubella, la","Tarragona","Priorat","Baix Camp-Priorat","Camp de Tarragona"
"Torre de l'Espanyol, la","Tarragona","Ribera d'Ebre","Terra Alta-Ribera d'Ebre","Terres de l'Ebre"
"Torredembarra","Tarragona","Tarragonès","Tarragonès","Camp de Tarragona"
"Torroja del Priorat","Tarragona","Priorat","Baix Camp-Priorat","Camp de Tarragona"
"Tortosa","Tarragona","Baix Ebre","Baix Ebre","Terres de l'Ebre"
"Ulldecona","Tarragona","Montsià","Montsià","Terres de l'Ebre"
"Ulldemolins","Tarragona","Priorat","Baix Camp-Priorat","Camp de Tarragona"
"Vallclara","Tarragona","Conca de Barberà","Alt Camp-Conca de Barberà","Camp de Tarragona"
"Vallfogona de Riucorb","Tarragona","Conca de Barberà","Alt Camp-Conca de Barberà","Camp de Tarragona"
"Vallmoll","Tarragona","Alt Camp","Alt Camp-Conca de Barberà","Camp de Tarragona"
"Valls","Tarragona","Alt Camp","Alt Camp-Conca de Barberà","Camp de Tarragona"
"Vandellòs i l'Hospitalet de l'Infant","Tarragona","Baix Camp","Baix Camp-Priorat","Camp de Tarragona"
"Vendrell, el","Tarragona","Baix Penedès","Baix Penedès","Camp de Tarragona"
"Vespella de Gaià","Tarragona","Tarragonès","Tarragonès","Camp de Tarragona"
"Vilabella","Tarragona","Alt Camp","Alt Camp-Conca de Barberà","Camp de Tarragona"
"Vilallonga del Camp","Tarragona","Tarragonès","Tarragonès","Camp de Tarragona"
"Vilanova d'Escornalbou","Tarragona","Baix Camp","Baix Camp-Priorat","Camp de Tarragona"
"Vilanova de Prades","Tarragona","Conca de Barberà","Alt Camp-Conca de Barberà","Camp de Tarragona"
"Vilaplana","Tarragona","Baix Camp","Baix Camp-Priorat","Camp de Tarragona"
"Vila-rodona","Tarragona","Alt Camp","Alt Camp-Conca de Barberà","Camp de Tarragona"
"Vila-seca","Tarragona","Tarragonès","Tarragonès","Camp de Tarragona"
"Vilaverd","Tarragona","Conca de Barberà","Alt Camp-Conca de Barberà","Camp de Tarragona"
"Vilella Alta, la","Tarragona","Priorat","Baix Camp-Priorat","Camp de Tarragona"
"Vilella Baixa, la","Tarragona","Priorat","Baix Camp-Priorat","Camp de Tarragona"
"Vilalba dels Arcs","Tarragona","Terra Alta","Terra Alta-Ribera d'Ebre","Terres de l'Ebre"
"Vimbodí i Poblet","Tarragona","Conca de Barberà","Alt Camp-Conca de Barberà","Camp de Tarragona"
"Vinebre","Tarragona","Ribera d'Ebre","Terra Alta-Ribera d'Ebre","Terres de l'Ebre"
"Vinyols i els Arcs","Tarragona","Baix Camp","Baix Camp-Priorat","Camp de Tarragona"
"Deltebre","Tarragona","Baix Ebre","Baix Ebre","Terres de l'Ebre"
"Sant Jaume d'Enveja","Tarragona","Montsià","Montsià","Terres de l'Ebre"
"Camarles","Tarragona","Baix Ebre","Baix Ebre","Terres de l'Ebre"
"Aldea, l'","Tarragona","Baix Ebre","Baix Ebre","Terres de l'Ebre"
"Salou","Tarragona","Tarragonès","Tarragonès","Camp de Tarragona"
"Ampolla, l'","Tarragona","Baix Ebre","Baix Ebre","Terres de l'Ebre"
"Canonja, la","Tarragona","Tarragonès","Tarragonès","Camp de Tarragona"
